<?xml version="1.0" encoding="utf-8" ?>
<dwsync>
<file name="particles.js" server="ftp.yeshymanoharan.com" local="130891568740306523" remote="131074077600000000" Dst="2" />
<file name="app.js" server="ftp.yeshymanoharan.com" local="130891557236273463" remote="131074077600000000" Dst="2" />
<file name="classie.js" server="ftp.yeshymanoharan.com" local="130852589981298886" remote="131074077600000000" Dst="2" />
<file name="cbpGridGallery.js" server="ftp.yeshymanoharan.com" local="130890265865373901" remote="131074077600000000" Dst="2" />
<file name="imagesloaded.pkgd.min.js" server="ftp.yeshymanoharan.com" local="130852589982309554" remote="131074077600000000" Dst="2" />
<file name="masonry.pkgd.min.js" server="ftp.yeshymanoharan.com" local="130852589994147494" remote="131074077600000000" Dst="2" />
<file name="modernizr.custom.js" server="ftp.yeshymanoharan.com" local="130852589994317566" remote="131074077600000000" Dst="2" />
<file name="login.js" server="ftp.yeshymanoharan.com" local="130892831969170602" remote="131137001400000000" Dst="2" />
</dwsync>