<?xml version="1.0" encoding="utf-8" ?>
<dwsync>
<file name="db_conn.php" server="ftp.yeshymanoharan.com" local="130891451829453908" remote="131137001400000000" Dst="2" />
<file name="db_conn_login.php" server="ftp.yeshymanoharan.com" local="130891449786165240" remote="131137001400000000" Dst="2" />
<file name="footer.html" server="ftp.yeshymanoharan.com" local="130891449786225294" remote="131137001400000000" Dst="2" />
<file name="functions_list.php" server="ftp.yeshymanoharan.com" local="130891449786595530" remote="131137001400000000" Dst="2" />
<file name="header.html" server="ftp.yeshymanoharan.com" local="130891449787106182" remote="131137001400000000" Dst="2" />
<file name="validation_functions.php" server="ftp.yeshymanoharan.com" local="130891449787166237" remote="131137001400000000" Dst="2" />
<file name="variables.php" server="ftp.yeshymanoharan.com" local="130891449787216273" remote="131137001400000000" Dst="2" />
<file name="view_result.php" server="ftp.yeshymanoharan.com" local="130891449787226272" remote="131137001400000000" Dst="2" />
</dwsync>