<?xml version="1.0" encoding="utf-8" ?>
<dwsync>
<file name="classie.js" server="ftp.yeshymanoharan.com" local="130943905771525991" remote="131137001400000000" Dst="2" />
<file name="main.js" server="ftp.yeshymanoharan.com" local="130943918182960747" remote="131137001400000000" Dst="2" />
<file name="notificationFx.js" server="ftp.yeshymanoharan.com" local="130943905771846222" remote="131137001400000000" Dst="2" />
<file name="typed.js" server="ftp.yeshymanoharan.com" local="130945250894909312" remote="131137001400000000" Dst="2" />
<file name="dragdrop.js" server="ftp.yeshymanoharan.com" local="130945484801403364" remote="131137001400000000" Dst="2" />
<file name="draggabilly.pkgd.min.js" server="ftp.yeshymanoharan.com" local="130945336116917696" remote="131137001400000000" Dst="2" />
<file name="modernizr.custom.js" server="ftp.yeshymanoharan.com" local="130945336117232893" remote="131137001400000000" Dst="2" />
<file name="joinroom.js" server="ftp.yeshymanoharan.com" local="130946457312657861" remote="131137001400000000" Dst="2" />
<file name="urlcheck.js" server="ftp.yeshymanoharan.com" local="130947227296456154" remote="131137001400000000" Dst="2" />
<file name="logincheck.js" server="ftp.yeshymanoharan.com" local="130947306040249755" remote="131137001400000000" Dst="2" />
<file name="adduser.js" server="ftp.yeshymanoharan.com" local="130949064854415006" remote="131137001400000000" Dst="2" />
<file name="login.js" server="ftp.yeshymanoharan.com" local="130947255498924525" remote="131137001400000000" Dst="2" />
<file name="removeplayer.js" server="ftp.yeshymanoharan.com" local="130949065272141578" remote="131137001400000000" Dst="2" />
<file name="onlinecheck.js" server="ftp.yeshymanoharan.com" local="130948247373943813" remote="131137001400000000" Dst="2" />
<file name="cardassign.js" server="ftp.yeshymanoharan.com" local="130949071335911158" remote="131137001400000000" Dst="2" />
<file name="documentadd.js" server="ftp.yeshymanoharan.com" local="130949027722430238" remote="131137001400000000" Dst="2" />
<file name="startgame.js" server="ftp.yeshymanoharan.com" local="130949047298275724" remote="131137001400000000" Dst="2" />
</dwsync>