<?xml version="1.0" encoding="utf-8" ?>
<dwsync>
<file name="Home.html" server="ftp.yeshymanoharan.com" local="130852562898014251" remote="130851927600000000" Dst="2" />
<file name="cgi_error_log" server="ftp.yeshymanoharan.com" local="130852562898034250" remote="130851927600000000" Dst="2" />
<file name="access_log_20150827.gz" server="ftp.yeshymanoharan.com" local="130852562902967502" remote="130851983400000000" Dst="2" />
<file name="access_log_20150828.gz" server="ftp.yeshymanoharan.com" local="130876419846551575" remote="130852883400000000" Dst="2" />
<file name="ctry_usage_201508.png" server="ftp.yeshymanoharan.com" local="130876419881705013" remote="130855641600000000" Dst="2" />
<file name="daily_usage_201508.png" server="ftp.yeshymanoharan.com" local="130876419882085266" remote="130855641600000000" Dst="2" />
<file name="hourly_usage_201508.png" server="ftp.yeshymanoharan.com" local="130876419890600936" remote="130855641600000000" Dst="2" />
<file name="index.html" server="ftp.yeshymanoharan.com" local="130876419895264436" remote="130876376400000000" Dst="2" />
<file name="usage.png" server="ftp.yeshymanoharan.com" local="130876419895644689" remote="130876376400000000" Dst="2" />
<file name="usage_201508.html" server="ftp.yeshymanoharan.com" local="130876419896135014" remote="130855641600000000" Dst="2" />
<file name="webalizer.current" server="ftp.yeshymanoharan.com" local="130876419898326477" remote="130876376400000000" Dst="2" />
<file name="webalizer.hist" server="ftp.yeshymanoharan.com" local="130876419898766761" remote="130876376400000000" Dst="2" />
<file name="access_log_20150829.gz" server="ftp.yeshymanoharan.com" local="130876419846571593" remote="130853818200000000" Dst="2" />
<file name="access_log_20150901.gz" server="ftp.yeshymanoharan.com" local="130876419849263365" remote="130856410800000000" Dst="2" />
<file name="access_log_20150902.gz" server="ftp.yeshymanoharan.com" local="130876419849733696" remote="130857240000000000" Dst="2" />
<file name="access_log_20150830.gz" server="ftp.yeshymanoharan.com" local="130876419853676334" remote="130854684600000000" Dst="2" />
<file name="access_log_20150831.gz" server="ftp.yeshymanoharan.com" local="130876419854707014" remote="130855476000000000" Dst="2" />
<file name="access_log_20150903.gz" server="ftp.yeshymanoharan.com" local="130876419854727032" remote="130858067400000000" Dst="2" />
<file name="access_log_20150904.gz" server="ftp.yeshymanoharan.com" local="130876419855127294" remote="130858966800000000" Dst="2" />
<file name="access_log_20150905.gz" server="ftp.yeshymanoharan.com" local="130876419858489545" remote="130859831400000000" Dst="2" />
<file name="access_log_20150906.gz" server="ftp.yeshymanoharan.com" local="130876419859250043" remote="130860514200000000" Dst="2" />
<file name="access_log_20150907.gz" server="ftp.yeshymanoharan.com" local="130876419859270066" remote="130861380000000000" Dst="2" />
<file name="access_log_20150908.gz" server="ftp.yeshymanoharan.com" local="130876419859670313" remote="130862388000000000" Dst="2" />
<file name="access_log_20150909.gz" server="ftp.yeshymanoharan.com" local="130876419862922484" remote="130863250200000000" Dst="2" />
<file name="access_log_20150910.gz" server="ftp.yeshymanoharan.com" local="130876419863682995" remote="130863610200000000" Dst="2" />
<file name="access_log_20150911.gz" server="ftp.yeshymanoharan.com" local="130876419863833103" remote="130865051400000000" Dst="2" />
<file name="access_log_20150912.gz" server="ftp.yeshymanoharan.com" local="130876419864223361" remote="130865663400000000" Dst="2" />
<file name="access_log_20150913.gz" server="ftp.yeshymanoharan.com" local="130876419867505534" remote="130866749400000000" Dst="2" />
<file name="access_log_20150914.gz" server="ftp.yeshymanoharan.com" local="130876419868256042" remote="130867654800000000" Dst="2" />
<file name="access_log_20150915.gz" server="ftp.yeshymanoharan.com" local="130876419868286054" remote="130868436000000000" Dst="2" />
<file name="access_log_20150916.gz" server="ftp.yeshymanoharan.com" local="130876419868686321" remote="130869190800000000" Dst="2" />
<file name="access_log_20150917.gz" server="ftp.yeshymanoharan.com" local="130876419871918498" remote="130870019400000000" Dst="2" />
<file name="access_log_20150918.gz" server="ftp.yeshymanoharan.com" local="130876419872869120" remote="130870882800000000" Dst="2" />
<file name="access_log_20150919.gz" server="ftp.yeshymanoharan.com" local="130876419872889143" remote="130871964000000000" Dst="2" />
<file name="access_log_20150920.gz" server="ftp.yeshymanoharan.com" local="130876419873299399" remote="130872795000000000" Dst="2" />
<file name="access_log_20150921.gz" server="ftp.yeshymanoharan.com" local="130876419876561569" remote="130873655400000000" Dst="2" />
<file name="access_log_20150922.gz" server="ftp.yeshymanoharan.com" local="130876419877322096" remote="130874483400000000" Dst="2" />
<file name="access_log_20150923.gz" server="ftp.yeshymanoharan.com" local="130876419877342089" remote="130875382800000000" Dst="2" />
<file name="access_log_20150924.gz" server="ftp.yeshymanoharan.com" local="130876419877732352" remote="130876246800000000" Dst="2" />
<file name="access_log_20150925.gz" server="ftp.yeshymanoharan.com" local="130876419880964519" remote="130876319400000000" Dst="2" />
<file name="ctry_usage_201509.png" server="ftp.yeshymanoharan.com" local="130876419881705013" remote="130876376400000000" Dst="2" />
<file name="daily_usage_201509.png" server="ftp.yeshymanoharan.com" local="130876419885347436" remote="130876376400000000" Dst="2" />
<file name="ftp_log_20150828.gz" server="ftp.yeshymanoharan.com" local="130876419886107938" remote="130852675800000000" Dst="2" />
<file name="ftp_log_20150830.gz" server="ftp.yeshymanoharan.com" local="130876419886127966" remote="130854513000000000" Dst="2" />
<file name="ftp_log_20150914.gz" server="ftp.yeshymanoharan.com" local="130876419886528228" remote="130867258200000000" Dst="2" />
<file name="ftp_log_20150921.gz" server="ftp.yeshymanoharan.com" local="130876419889810406" remote="130873664400000000" Dst="2" />
<file name="ftp_log_20150922.gz" server="ftp.yeshymanoharan.com" local="130876419890590927" remote="130873735800000000" Dst="2" />
<file name="hourly_usage_201509.png" server="ftp.yeshymanoharan.com" local="130876419890971190" remote="130876376400000000" Dst="2" />
<file name="usage_201509.html" server="ftp.yeshymanoharan.com" local="130876419899187036" remote="130876376400000000" Dst="2" />
</dwsync>