<?xml version="1.0" encoding="utf-8" ?>
<dwsync>
<file name=".DS_Store" server="ftp.yeshymanoharan.com" local="130852644373899251" remote="131137001400000000" Dst="2" />
<file name="1.png" server="ftp.yeshymanoharan.com" local="130852644374039344" remote="131137001400000000" Dst="2" />
<file name="2.png" server="ftp.yeshymanoharan.com" local="130852644374209450" remote="131137001400000000" Dst="2" />
<file name="3.png" server="ftp.yeshymanoharan.com" local="130852644375080029" remote="131137001400000000" Dst="2" />
<file name="4.png" server="ftp.yeshymanoharan.com" local="130852644375310180" remote="131137001400000000" Dst="2" />
<file name="5.png" server="ftp.yeshymanoharan.com" local="130852644375711210" remote="131137001400000000" Dst="2" />
<file name="6.png" server="ftp.yeshymanoharan.com" local="130852644376191790" remote="131137001400000000" Dst="2" />
<file name="rich.png" server="ftp.yeshymanoharan.com" local="130972120172004741" remote="131137001400000000" Dst="2" />
<file name="grades.png" server="ftp.yeshymanoharan.com" local="130972123143179413" remote="131137001400000000" Dst="2" />
<file name="sleep.png" server="ftp.yeshymanoharan.com" local="130972128873871507" remote="131137001400000000" Dst="2" />
<file name="passfree.png" server="ftp.yeshymanoharan.com" local="130972130727749928" remote="131137001400000000" Dst="2" />
<file name="certamen.png" server="ftp.yeshymanoharan.com" local="130972132123497168" remote="131137001400000000" Dst="2" />
<file name="texas.png" server="ftp.yeshymanoharan.com" local="130972134264120391" remote="131137001400000000" Dst="2" />
<file name="ym.png" server="ftp.yeshymanoharan.com" local="130972138681842758" remote="131137001400000000" Dst="2" />
</dwsync>